38,7165;50;20,118426
38,743;50;20,067399
38,7695;50;20,169453
38,796;50;20,169453
38,8225;50;20,118426
38,849;50;20,322535
38,8755;50;20,424589
38,902;50;20,628698
38,9285;50;21,343079
38,955;50;21,343079
38,9815;50;22,414651
39,008;50;22,771842
39,0345;50;23,53725
39,061;50;23,690331
39,0875;50;24,710876
39,114;50;24,81293
39,1405;50;25,425257
39,167;50;25,884502
39,1935;50;26,241692
39,22;50;26,64991
39,2465;50;26,854019
39,273;50;27,772509
39,2995;50;27,262237
39,326;50;27,5684
39,3525;50;28,1297
39,379;50;28,231754
39,4055;50;28,844081
39,432;50;28,793053
39,4585;50;29,252298
39,485;50;29,456407
39,5115;50;29,96668
39,538;50;29,96668
39,5645;50;30,579006
39,591;50;30,527979
39,6175;50;30,936197
39,644;50;30,936197
39,6705;50;31,497496
39,697;50;31,446469
39,7235;50;31,140306
39,75;50;31,956741
39,7765;50;31,803659
39,803;50;32,211877
39,8295;50;32,518041
39,856;50;33,130367
39,8825;50;33,130367
39,909;50;33,43653
39,9355;50;33,946803
39,962;50;34,150912
39,9885;50;34,252966
40,015;50;34,457075
40,0415;50;34,91632
40,068;50;34,763238
40,0945;50;35,171456
40,121;50;34,610157
40,1475;50;35,171456
40,174;50;34,814265
40,2005;50;35,477619
40,227;50;35,171456
40,2535;50;35,681728
40,28;50;35,27351
40,3065;50;36,396109
40,333;50;36,038919
40,3595;50;36,038919
40,386;50;36,192
40,4125;50;36,447136
40,439;50;36,140973
40,4655;50;36,855354
40,492;50;36,498164
40,5185;50;36,7533
40,545;50;37,008436
40,5715;50;37,365626
40,598;50;37,569735
40,6245;50;37,620763
40,651;50;37,977953
40,6775;50;38,284116
40,704;50;38,233089
40,7305;50;38,182062
40,757;50;38,233089
40,7835;50;38,02898
40,81;50;38,335144
40,8365;50;38,080008
40,863;50;38,488225
40,8895;50;38,539252
40,916;50;38,386171
40,9425;50;38,437198
40,969;50;38,59028
40,9955;50;38,437198
41,022;50;38,641307
41,0485;50;38,641307
41,075;50;38,692334
41,1015;50;38,845416
41,128;50;38,488225
41,1545;50;39,049525
41,181;50;38,539252
41,2075;50;38,794389
41,234;50;38,845416
41,2605;50;39,100552
41,287;50;39,049525
41,3135;50;39,559797
41,34;50;39,559797
41,3665;50;39,763906
41,393;50;40,070069
41,4195;50;40,580341
41,446;50;40,274178
41,4725;50;40,376232
41,499;50;40,580341
41,5255;50;40,478287
41,552;50;40,78445
41,5785;50;40,223151
41,605;50;40,835477
41,6315;50;40,529314
41,658;50;40,733423
41,6845;50;40,42726
41,711;50;40,682396
41,7375;50;39,916987
41,764;50;40,682396
41,7905;50;40,42726
41,817;50;40,886505
41,8435;50;40,274178
41,87;50;40,733423
41,8965;50;40,631369
41,923;50;41,039586
41,9495;50;40,937532
41,976;50;40,478287
42,0025;50;40,78445
42,029;50;40,733423
42,0555;50;40,580341
42,082;50;40,937532
42,1085;50;40,937532
42,135;50;41,447804
42,1615;50;41,34575
42,188;50;41,856022
42,2145;50;41,498831
42,241;50;41,600886
42,2675;50;41,243695
42,294;50;41,907049
42,3205;50;41,243695
42,347;50;41,753967
42,3735;50;41,294722
42,4;50;41,498831
42,4265;50;41,192668
42,453;50;41,396777
42,4795;50;41,192668
42,506;50;41,090613
42,5325;50;41,141641
42,559;50;41,090613
42,5855;50;41,396777
42,612;50;41,243695
42,6385;50;41,039586
42,665;50;40,886505
42,6915;50;41,090613
42,718;50;42,009103
42,7445;50;41,498831
42,771;50;41,70294
42,7975;50;41,856022
42,824;50;41,651913
42,8505;50;41,856022
42,877;50;41,651913
42,9035;50;42,111158
42,93;50;41,70294
42,9565;50;41,958076
42,983;50;42,315267
43,0095;50;42,009103
43,036;50;42,009103
43,0625;50;42,26424
43,089;50;42,111158
43,1155;50;42,162185
43,142;50;42,111158
43,1685;50;42,009103
43,195;50;42,162185
43,2215;50;42,417321
43,248;50;42,060131
43,2745;50;42,366294
43,301;50;42,468348
43,3275;50;42,162185
43,354;50;42,62143
43,3805;50;42,468348
43,407;50;42,468348
43,4335;50;42,570403
43,46;50;42,111158
43,4865;50;42,213212
43,513;50;41,856022
43,5395;50;42,009103
43,566;50;41,907049
43,5925;50;42,111158
43,619;50;42,213212
43,6455;50;42,417321
43,672;50;42,468348
43,6985;50;42,315267
43,725;50;42,468348
43,7515;50;42,417321
43,778;50;42,723485
43,8045;50;42,366294
43,831;50;42,62143
43,8575;50;42,162185
43,884;50;42,62143
43,9105;50;42,468348
43,937;50;42,62143
43,9635;50;42,162185
43,99;50;42,876566
44,0165;50;42,519376
44,043;50;42,825539
44,0695;50;42,315267
44,096;50;42,162185
44,1225;50;42,417321
44,149;50;41,651913
44,1755;50;42,213212
44,202;50;41,907049
44,2285;50;42,26424
44,255;50;42,060131
44,2815;50;42,366294
44,308;50;42,570403
44,3345;50;42,62143
44,361;50;42,519376
44,3875;50;42,570403
44,414;50;42,672457
44,4405;50;42,62143
44,467;50;42,570403
44,4935;50;42,26424
44,52;50;42,570403
44,5465;50;41,907049
44,573;50;42,009103
44,5995;50;41,753967
44,626;50;42,060131
44,6525;50;42,570403
44,679;50;41,753967
44,7055;50;42,468348
44,732;50;42,519376
44,7585;50;42,876566
44,785;50;43,029648
44,8115;50;42,723485
44,838;50;42,774512
44,8645;50;42,213212
44,891;50;42,366294
44,9175;50;42,468348
44,944;50;42,162185
44,9705;50;42,774512
44,997;50;42,62143
45,0235;50;42,723485
45,05;50;41,958076
45,0765;50;42,315267
45,103;50;42,315267
45,1295;50;42,162185
45,156;50;42,162185
45,1825;50;42,111158
45,209;50;42,366294
45,2355;50;42,468348
45,262;50;42,26424
45,2885;50;42,315267
45,315;50;42,62143
45,3415;50;42,570403
45,368;50;42,978621
45,3945;50;42,570403
45,421;50;43,029648
45,4475;50;42,468348
45,474;50;43,437866
45,5005;50;42,774512
45,527;50;42,876566
45,5535;50;42,774512
45,58;50;42,927593
45,6065;50;42,570403
45,633;50;42,774512
45,6595;50;42,774512
45,686;50;42,723485
45,7125;50;42,417321
45,739;50;42,519376
45,7655;50;42,366294
45,792;50;42,213212
45,8185;50;42,366294
45,845;50;42,060131
45,8715;50;42,213212
45,898;50;42,060131
45,9245;50;42,825539
45,951;50;42,060131
45,9775;50;42,111158
46,004;50;41,958076
46,0305;50;42,162185
46,057;50;42,672457
46,0835;50;42,366294
46,11;50;42,774512
46,1365;50;42,723485
46,163;50;42,672457
46,1895;50;43,284784
46,216;50;42,774512
46,2425;50;42,978621
46,269;50;43,080675
46,2955;50;42,774512
46,322;50;42,723485
46,3485;50;42,570403
46,375;50;42,570403
46,4015;50;42,519376
46,428;50;42,366294
46,4545;50;42,315267
46,481;50;42,570403
46,5075;50;42,417321
46,534;50;42,927593
46,5605;50;42,570403
46,587;50;42,978621
46,6135;50;43,080675
46,64;50;43,284784
46,6665;50;42,62143
46,693;50;42,978621
46,7195;50;42,774512
46,746;50;43,029648
46,7725;50;42,672457
46,799;50;42,366294
46,8255;50;42,62143
46,852;50;42,468348
46,8785;50;42,468348
46,905;50;42,723485
46,9315;50;42,774512
46,958;50;42,876566
46,9845;50;42,366294
47,011;50;42,774512
47,0375;50;42,366294
47,064;50;42,978621
47,0905;50;42,62143
47,117;50;42,978621
47,1435;50;42,570403
47,17;50;43,080675
47,1965;50;43,080675
47,223;50;42,927593
47,2495;50;42,927593
47,276;50;42,723485
47,3025;50;42,927593
47,329;50;42,570403
47,3555;50;42,519376
47,382;50;42,468348
47,4085;50;42,723485
47,435;50;42,723485
47,4615;50;43,131702
47,488;50;42,978621
47,5145;50;43,233757
47,541;50;43,386838
47,5675;50;43,18273
47,594;50;42,927593
47,6205;50;43,18273
47,647;50;42,468348
47,6735;50;42,519376
47,7;50;42,876566
47,7265;50;42,570403
47,753;50;42,978621
47,7795;50;42,774512
47,806;50;42,927593
47,8325;50;42,978621
47,859;50;42,774512
47,8855;50;42,927593
47,912;50;42,825539
47,9385;50;42,927593
47,965;50;43,386838
47,9915;50;42,927593
48,018;50;43,386838
48,0445;50;43,080675
48,071;50;43,488893
48,0975;50;42,672457
48,124;50;43,18273
48,1505;50;42,927593
48,177;50;42,927593
48,2035;50;42,978621
48,23;50;42,978621
48,2565;50;43,18273
48,283;50;43,080675
48,3095;50;43,386838
48,336;50;42,825539
48,3625;50;42,876566
48,389;50;42,927593
48,4155;50;42,672457
48,442;50;42,62143
48,4685;50;42,723485
48,495;50;42,570403
48,5215;50;42,672457
48,548;50;43,284784
48,5745;50;42,978621
48,601;50;43,53992
48,6275;50;43,18273
48,654;50;43,029648
48,6805;50;42,927593
48,707;50;43,080675
48,7335;50;43,233757
48,76;50;42,927593
48,7865;50;42,62143
48,813;50;42,672457
48,8395;50;41,856022
48,866;50;42,570403
48,8925;50;42,111158
48,919;50;42,162185
48,9455;50;41,804995
48,972;50;42,417321
48,9985;50;42,774512
49,025;50;42,570403
49,0515;50;43,029648
49,078;50;42,723485
49,1045;50;42,774512
49,131;50;43,131702
49,1575;50;42,927593
49,184;50;42,774512
49,2105;50;42,774512
49,237;50;42,570403
49,2635;50;42,774512
49,29;50;42,417321
49,3165;50;43,080675
49,343;50;42,723485
49,3695;50;43,080675
49,396;50;42,570403
49,4225;50;42,978621
49,449;50;42,62143
49,4755;50;42,723485
49,502;50;42,417321
49,5285;50;42,570403
49,555;50;42,570403
49,5815;50;42,62143
49,608;50;42,519376
49,6345;50;42,315267
49,661;50;42,366294
49,6875;50;42,468348
49,714;50;42,825539
49,7405;50;42,62143
49,767;50;43,080675
49,7935;50;42,570403
49,82;50;42,723485
49,8465;50;42,570403
49,873;50;43,18273
49,8995;50;42,825539
49,926;50;43,029648
49,9525;50;43,284784
49,979;50;42,876566
50,0055;50;43,335811
50,032;50;43,131702
50,0585;50;43,488893
50,085;50;43,386838
50,1115;50;43,386838
50,138;50;43,744029
50,1645;50;43,233757
50,191;50;42,978621
50,2175;50;43,131702
50,244;50;43,233757
50,2705;50;43,233757
50,297;50;42,774512
50,3235;50;43,335811
50,35;50;42,876566
50,3765;50;43,335811
50,403;50;43,080675
50,4295;50;43,335811
50,456;50;42,927593
50,4825;50;43,131702
50,509;50;42,927593
50,5355;50;43,18273
50,562;50;42,723485
50,5885;50;42,927593
50,615;50;42,315267
50,6415;50;42,774512
50,668;50;42,162185
50,6945;50;42,723485
50,721;50;42,111158
50,7475;50;42,366294
50,774;50;41,907049
50,8005;50;42,060131
50,827;50;42,162185
50,8535;50;42,162185
50,88;50;42,519376
50,9065;50;42,570403
50,933;50;43,590947
50,9595;50;43,335811
50,986;50;43,488893
51,0125;50;43,233757
51,039;50;43,590947
51,0655;50;43,284784
51,092;50;42,978621
51,1185;50;43,131702
51,145;50;42,927593
51,1715;50;43,18273
51,198;50;43,080675
51,2245;50;43,284784
51,251;50;43,080675
51,2775;50;42,978621
51,304;50;43,335811
51,3305;50;42,672457
51,357;50;42,825539
51,3835;50;42,417321
51,41;50;42,417321
51,4365;50;42,315267
51,463;50;42,366294
51,4895;50;42,315267
51,516;50;42,62143
51,5425;50;41,907049
51,569;50;42,723485
51,5955;50;42,723485
51,622;50;42,978621
51,6485;50;43,18273
51,675;50;43,386838
51,7015;50;43,131702
51,728;50;43,53992
51,7545;50;43,131702
51,781;50;43,53992
51,8075;50;42,927593
51,834;50;42,927593
51,8605;50;42,62143
51,887;50;42,774512
51,9135;50;42,723485
51,94;50;42,519376
51,9665;50;42,978621
51,993;50;42,978621
52,0195;50;42,825539
52,046;50;42,978621
52,0725;50;43,080675
52,099;50;42,774512
52,1255;50;42,927593
52,152;50;42,978621
52,1785;50;43,18273
52,205;50;43,131702
52,2315;50;43,386838
52,258;50;43,131702
52,2845;50;43,846083
52,311;50;43,335811
52,3375;50;43,18273
52,364;50;43,080675
52,3905;50;43,18273
52,417;50;43,284784
52,4435;50;43,080675
52,47;50;43,131702
52,4965;50;42,978621
52,523;50;42,723485
52,5495;50;42,825539
52,576;50;42,723485
52,6025;50;43,029648
52,629;50;42,774512
52,6555;50;42,672457
52,682;50;42,519376
52,7085;50;42,672457
52,735;50;42,417321
52,7615;50;42,723485
52,788;50;42,26424
52,8145;50;42,927593
52,841;50;42,213212
52,8675;50;42,978621
52,894;50;42,468348
52,9205;50;42,927593
52,947;50;43,284784
52,9735;50;42,774512
53;50;43,18273
53,0265;50;42,570403
53,053;50;43,18273
53,0795;50;42,774512
53,106;50;43,029648
53,1325;50;42,978621
53,159;50;43,437866
53,1855;50;42,774512
53,212;50;43,335811
53,2385;50;43,335811
53,265;50;43,131702
53,2915;50;43,641974
53,318;50;43,335811
53,3445;50;43,284784
53,371;50;43,284784
53,3975;50;42,927593
53,424;50;42,723485
53,4505;50;43,131702
53,477;50;42,672457
53,5035;50;42,978621
53,53;50;42,519376
53,5565;50;42,570403
53,583;50;42,570403
53,6095;50;42,978621
53,636;50;42,978621
53,6625;50;43,131702
53,689;50;42,723485
53,7155;50;43,131702
53,742;50;43,131702
53,7685;50;43,131702
53,795;50;42,927593
53,8215;50;42,978621
53,848;50;42,672457
53,8745;50;42,876566
53,901;50;42,876566
53,9275;50;42,723485
53,954;50;42,672457
53,9805;50;42,927593
54,007;50;42,825539
54,0335;50;42,978621
54,06;50;43,18273
54,0865;50;43,029648
54,113;50;43,284784
54,1395;50;43,080675
54,166;50;43,233757
54,1925;50;42,672457
54,219;50;42,978621
54,2455;50;42,62143
54,272;50;42,774512
54,2985;50;43,029648
54,325;50;42,774512
54,3515;50;43,080675
54,378;50;43,18273
54,4045;50;43,18273
54,431;50;43,284784
54,4575;50;43,284784
54,484;50;43,18273
54,5105;50;43,386838
54,537;50;42,927593
54,5635;50;42,672457
54,59;50;43,080675
54,6165;50;43,233757
54,643;50;42,672457
54,6695;50;42,774512
54,696;50;42,876566
54,7225;50;43,080675
54,749;50;43,18273
54,7755;50;43,335811
54,802;50;43,131702
54,8285;50;43,386838
54,855;50;43,488893
54,8815;50;43,080675
54,908;50;43,233757
54,9345;50;43,080675
54,961;50;43,335811
54,9875;50;43,233757
55,014;50;42,927593
55,0405;50;43,080675
55,067;50;42,927593
55,0935;50;43,029648
55,12;50;43,080675
55,1465;50;42,978621
55,173;50;42,978621
55,1995;50;42,927593
55,226;50;43,335811
55,2525;50;43,080675
55,279;50;42,978621
55,3055;50;43,284784
55,332;50;43,488893
55,3585;50;43,590947
55,385;50;43,233757
55,4115;50;43,795056
55,438;50;43,335811
55,4645;50;43,744029
55,491;50;43,080675
55,5175;50;43,284784
55,544;50;42,876566
55,5705;50;42,825539
55,597;50;43,18273
55,6235;50;43,080675
55,65;50;42,723485
55,6765;50;43,335811
55,703;50;42,978621
55,7295;50;40,121096
55,756;50;43,18273
55,7825;50;42,672457
55,809;50;42,927593
55,8355;50;43,080675
55,862;50;42,927593
55,8885;50;43,335811
55,915;50;43,335811
55,9415;50;43,386838
55,968;50;43,335811
55,9945;50;43,335811
56,021;50;43,284784
56,0475;50;43,335811
56,074;50;42,978621
56,1005;50;43,029648
56,127;50;42,927593
56,1535;50;42,570403
56,18;50;42,978621
56,2065;50;42,876566
56,233;50;42,570403
56,2595;50;43,029648
56,286;50;42,927593
56,3125;50;43,029648
56,339;50;42,825539
56,3655;50;42,723485
56,392;50;43,131702
56,4185;50;42,876566
56,445;50;42,723485
56,4715;50;42,927593
56,498;50;42,723485
56,5245;50;42,366294
56,551;50;42,927593
56,5775;50;42,927593
56,604;50;42,876566
56,6305;50;43,029648
56,657;50;42,876566
56,6835;50;43,335811
56,71;50;43,131702
56,7365;50;43,233757
56,763;50;43,488893
56,7895;50;43,131702
56,816;50;43,029648
56,8425;50;43,131702
56,869;50;42,774512
56,8955;50;43,18273
56,922;50;42,927593
56,9485;50;43,080675
56,975;50;42,876566
57,0015;50;42,672457
57,028;50;42,672457
57,0545;50;42,672457
57,081;50;42,519376
57,1075;50;42,570403
57,134;50;43,131702
57,1605;50;42,978621
57,187;50;43,131702
57,2135;50;43,080675
57,24;50;42,672457
57,2665;50;43,284784
57,293;50;43,18273
57,3195;50;43,18273
57,346;50;43,080675
57,3725;50;43,488893
57,399;50;43,437866
57,4255;50;43,744029
57,452;50;43,18273
57,4785;50;42,978621
57,505;50;42,876566
57,5315;50;43,029648
57,558;50;43,18273
57,5845;50;42,978621
57,611;50;42,927593
57,6375;50;42,876566
57,664;50;42,774512
57,6905;50;42,774512
57,717;50;43,080675
57,7435;50;42,774512
57,77;50;42,825539
57,7965;50;43,029648
57,823;50;42,417321
57,8495;50;43,080675
57,876;50;42,672457
57,9025;50;42,927593
57,929;50;42,876566
57,9555;50;42,62143
57,982;50;43,131702
58,0085;50;43,131702
58,035;50;42,723485
58,0615;50;43,233757
58,088;50;42,774512
58,1145;50;43,233757
58,141;50;42,774512
58,1675;50;42,366294
58,194;50;42,825539
58,2205;50;42,366294
58,247;50;42,417321
58,2735;50;42,570403
58,3;50;42,315267
58,3265;50;42,723485
58,353;50;42,519376
58,3795;50;42,723485
58,406;50;42,570403
58,4325;50;42,723485
58,459;50;42,774512
58,4855;50;42,927593
58,512;50;42,876566
58,5385;50;43,080675
58,565;50;43,029648
58,5915;50;43,131702
58,618;50;43,386838
58,6445;50;43,080675
58,671;50;43,437866
58,6975;50;43,335811
58,724;50;43,131702
58,7505;50;43,488893
58,777;50;42,927593
58,8035;50;43,080675
58,83;50;42,825539
58,8565;50;42,978621
58,883;50;42,774512
58,9095;50;43,233757
58,936;50;42,468348
58,9625;50;42,366294
58,989;50;42,315267
59,0155;50;41,958076
59,042;75;41,70294
59,0685;75;42,366294
59,095;75;42,468348
59,1215;75;42,672457
59,148;75;43,284784
59,1745;75;43,386838
59,201;75;43,641974
59,2275;75;44,407383
59,254;75;44,968682
59,2805;75;45,581009
59,307;75;46,091281
59,3335;75;46,754635
59,36;75;47,673125
59,3865;75;48,234424
59,413;75;48,387506
59,4395;75;49,305996
59,466;75;49,714214
59,4925;75;50,734758
59,519;75;50,88784
59,5455;75;51,449139
59,572;75;52,010439
59,5985;75;52,316602
59,625;75;53,08201
59,6515;75;53,184065
59,678;75;54,255636
59,7045;75;54,204609
59,731;75;55,021045
59,7575;75;55,021045
59,784;75;55,83748
59,8105;75;55,786453
59,837;75;56,551861
59,8635;75;56,602888
59,89;75;57,266242
59,9165;75;57,419324
59,943;75;58,133705
59,9695;75;58,133705
59,996;75;59,103222
60,0225;75;59,205277
60,049;75;59,664522
60,0755;75;59,766576
60,102;75;59,86863
60,1285;75;60,378903
60,155;75;60,583012
60,1815;75;60,940202
60,208;75;61,042257
60,2345;75;61,858692
60,261;75;61,70561
60,2875;75;62,573073
60,314;75;62,6241
60,3405;75;63,287454
60,367;75;63,236427
60,3935;75;64,052863
60,42;75;63,848754
60,4465;75;64,818271
60,473;75;64,563135
60,4995;75;64,818271
60,526;75;64,716216
60,5525;75;65,073407
60,579;75;65,226489
60,6055;75;65,37957
60,632;75;65,430597
60,6585;75;65,889842
60,685;75;65,787788
60,7115;75;66,093951
60,738;75;66,144979
60,7645;75;66,247033
60,791;75;66,042924
60,8175;75;66,144979
60,844;75;66,451142
60,8705;75;66,451142
60,897;75;66,85936
60,9235;75;66,910387
60,95;75;67,420659
60,9765;75;67,21655
61,003;75;67,573741
61,0295;75;67,624768
61,056;75;67,981958
61,0825;75;67,981958
61,109;75;68,13504
61,1355;75;68,084013
61,162;75;68,390176
61,1885;75;68,390176
61,215;75;68,69634
61,2415;75;68,594285
61,268;75;68,849421
61,2945;75;68,900448
61,321;75;68,951476
61,3475;75;68,951476
61,374;75;68,900448
61,4005;75;69,512775
61,427;75;69,308666
61,4535;75;69,05353
61,48;75;69,359693
61,5065;75;69,563802
61,533;75;69,308666
61,5595;75;70,023047
61,586;75;69,818938
61,6125;75;70,380238
61,639;75;70,176129
61,6655;75;70,737428
61,692;75;70,686401
61,7185;75;70,635374
61,745;75;70,686401
61,7715;75;70,380238
61,798;75;70,329211
61,8245;75;70,125102
61,851;75;70,380238
61,8775;75;70,176129
61,904;75;70,737428
61,9305;75;70,482292
61,957;75;70,482292
61,9835;75;70,227156
62,01;75;70,329211
62,0365;75;70,125102
62,063;75;70,482292
62,0895;75;70,329211
62,116;75;70,686401
62,1425;75;70,533319
62,169;75;70,992564
62,1955;75;70,89051
62,222;75;71,247701
62,2485;75;71,349755
62,275;75;71,604891
62,3015;75;71,860027
62,328;75;71,911054
62,3545;75;71,757973
62,381;75;71,706946
62,4075;75;71,706946
62,434;75;71,196673
62,4605;75;71,502837
62,487;75;71,349755
62,5135;75;71,400782
62,54;75;71,502837
62,5665;75;71,655918
62,593;75;71,247701
62,6195;75;71,706946
62,646;75;71,298728
62,6725;75;71,706946
62,699;75;71,349755
62,7255;75;72,115163
62,752;75;72,013109
62,7785;75;72,472354
62,805;75;72,931599
62,8315;75;72,778517
62,858;75;72,778517
62,8845;75;72,982626
62,911;75;73,288789
62,9375;75;73,288789
62,964;75;72,982626
62,9905;75;72,72749
63,017;75;72,829544
63,0435;75;72,778517
63,07;75;73,033653
63,0965;75;72,829544
63,123;75;73,237762
63,1495;75;72,931599
63,176;75;72,931599
63,2025;75;72,472354
63,229;75;72,72749
63,2555;75;72,16619
63,282;75;72,16619
63,3085;75;72,217218
63,335;75;72,115163
63,3615;75;72,013109
63,388;75;72,16619
63,4145;75;72,625435
63,441;75;72,268245
63,4675;75;72,574408
63,494;75;72,676463
63,5205;75;72,676463
63,547;75;72,421327
63,5735;75;72,217218
63,6;75;72,523381
63,6265;75;72,217218
63,653;75;72,115163
63,6795;75;72,268245
63,706;75;72,064136
63,7325;75;72,370299
63,759;75;72,16619
63,7855;75;72,421327
63,812;75;72,625435
63,8385;75;72,523381
63,865;75;72,574408
63,8915;75;72,421327
63,918;75;72,778517
63,9445;75;72,319272
63,971;75;72,574408
63,9975;75;72,064136
64,024;75;72,370299
64,0505;75;72,370299
64,077;75;72,574408
64,1035;75;72,319272
64,13;75;72,625435
64,1565;75;72,778517
64,183;75;72,778517
64,2095;75;72,829544
64,236;75;72,931599
64,2625;75;72,931599
64,289;75;72,778517
64,3155;75;72,676463
64,342;75;72,574408
64,3685;75;73,033653
64,395;75;72,523381
64,4215;75;72,676463
64,448;75;72,217218
64,4745;75;72,523381
64,501;75;72,217218
64,5275;75;72,778517
64,554;75;72,370299
64,5805;75;72,982626
64,607;75;73,033653
64,6335;75;73,441871
64,66;75;73,288789
64,6865;75;73,135708
64,713;75;73,135708
64,7395;75;72,829544
64,766;75;73,390844
64,7925;75;72,778517
64,819;75;72,982626
64,8455;75;72,676463
64,872;75;72,931599
64,8985;75;72,931599
64,925;75;72,778517
64,9515;75;72,931599
64,978;75;72,421327
65,0045;75;72,523381
65,031;75;72,421327
65,0575;75;72,421327
65,084;75;72,370299
65,1105;75;72,370299
65,137;75;72,931599
65,1635;75;72,421327
65,19;75;73,186735
65,2165;75;72,72749
65,243;75;72,982626
65,2695;75;73,186735
65,296;75;72,829544
65,3225;75;73,08468
65,349;75;73,186735
65,3755;75;72,982626
65,402;75;73,186735
65,4285;75;72,931599
65,455;75;72,523381
65,4815;75;72,982626
65,508;75;72,064136
65,5345;75;72,319272
65,561;75;72,217218
65,5875;75;72,013109
65,614;75;72,115163
65,6405;75;72,217218
65,667;75;72,319272
65,6935;75;72,982626
65,72;75;72,778517
65,7465;75;73,135708
65,773;75;73,135708
65,7995;75;72,574408
65,826;75;72,880572
65,8525;75;72,217218
65,879;75;72,574408
65,9055;75;71,757973
65,932;75;72,217218
65,9585;75;71,809
65,985;75;72,523381
66,0115;75;72,217218
66,038;75;72,72749
66,0645;75;72,574408
66,091;75;73,237762
66,1175;75;73,135708
66,144;75;73,237762
66,1705;75;73,135708
66,197;75;72,72749
66,2235;75;72,625435
66,25;75;72,013109
66,2765;75;72,72749
66,303;75;72,676463
66,3295;75;71,962082
66,356;75;72,574408
66,3825;75;72,217218
66,409;75;72,319272
66,4355;75;72,370299
66,462;75;72,72749
66,4885;75;72,625435
66,515;75;72,931599
66,5415;75;72,676463
66,568;75;73,08468
66,5945;75;72,982626
66,621;75;73,237762
66,6475;75;72,880572
66,674;75;72,523381
66,7005;75;72,72749
66,727;75;72,523381
66,7535;75;72,268245
66,78;75;71,604891
66,8065;75;72,115163
66,833;75;72,013109
66,8595;75;72,370299
66,886;75;72,16619
66,9125;75;72,523381
66,939;75;72,217218
66,9655;75;72,676463
66,992;75;72,421327
67,0185;75;73,08468
67,045;75;72,472354
67,0715;75;72,268245
67,098;75;72,72749
67,1245;75;72,319272
67,151;75;72,625435
67,1775;75;72,880572
67,204;75;73,135708
67,2305;75;73,237762
67,257;75;73,186735
67,2835;75;73,390844
67,31;75;72,982626
67,3365;75;73,033653
67,363;75;72,982626
67,3895;75;72,982626
67,416;75;73,339817
67,4425;75;73,543925
67,469;75;73,850089
67,4955;75;73,850089
67,522;75;74,00317
67,5485;75;73,901116
67,575;75;73,799062
67,6015;75;73,697007
67,628;75;73,901116
67,6545;75;73,135708
67,681;75;73,492898
67,7075;75;72,829544
67,734;75;72,472354
67,7605;75;72,72749
67,787;75;72,268245
67,8135;75;72,523381
67,84;75;72,982626
67,8665;75;73,186735
67,893;75;73,288789
67,9195;75;73,08468
67,946;75;73,390844
67,9725;75;73,08468
67,999;75;73,237762
68,0255;75;72,72749
68,052;75;72,982626
68,0785;75;72,676463
68,105;75;72,574408
68,1315;75;72,778517
68,158;75;72,16619
68,1845;75;73,08468
68,211;75;72,370299
68,2375;75;73,033653
68,264;75;72,370299
68,2905;75;72,829544
68,317;75;72,523381
68,3435;75;72,574408
68,37;75;72,778517
68,3965;75;72,217218
68,423;75;72,319272
68,4495;75;72,16619
68,476;75;72,319272
68,5025;75;72,625435
68,529;75;72,268245
68,5555;75;72,72749
68,582;75;72,523381
68,6085;75;72,982626
68,635;75;72,523381
68,6615;75;72,982626
68,688;75;72,72749
68,7145;75;73,288789
68,741;75;72,676463
68,7675;75;73,237762
68,794;75;73,08468
68,8205;75;73,339817
68,847;75;73,186735
68,8735;75;73,492898
68,9;75;72,982626
68,9265;75;73,441871
68,953;75;73,288789
68,9795;75;72,829544
69,006;75;72,472354
69,0325;75;72,217218
69,059;75;72,319272
69,0855;75;72,115163
69,112;75;72,319272
69,1385;75;72,064136
69,165;75;72,421327
69,1915;75;71,860027
69,218;75;72,472354
69,2445;75;71,706946
69,271;75;71,911054
69,2975;75;72,16619
69,324;75;71,757973
69,3505;75;72,268245
69,377;75;72,115163
69,4035;75;72,574408
69,43;75;72,268245
69,4565;75;72,523381
69,483;75;72,72749
69,5095;75;72,829544
69,536;75;73,237762
69,5625;75;72,931599
69,589;75;72,931599
69,6155;75;72,829544
69,642;75;73,288789
69,6685;75;72,676463
69,695;75;73,08468
69,7215;75;72,574408
69,748;75;72,829544
69,7745;75;72,319272
69,801;75;72,370299
69,8275;75;72,16619
69,854;75;72,319272
69,8805;75;72,064136
69,907;75;72,115163
69,9335;75;71,757973
69,96;75;71,962082
69,9865;75;71,911054
70,013;75;72,217218
70,0395;75;72,421327
70,066;75;72,880572
70,0925;75;72,829544
70,119;75;73,390844
70,1455;75;73,288789
70,172;75;73,237762
70,1985;75;73,390844
70,225;75;73,186735
70,2515;75;72,778517
70,278;75;72,72749
70,3045;75;72,676463
70,331;75;72,472354
70,3575;75;72,625435
70,384;75;72,625435
70,4105;75;72,676463
70,437;75;72,778517
70,4635;75;72,880572
70,49;75;72,778517
70,5165;75;72,829544
70,543;75;72,013109
70,5695;75;72,064136
70,596;75;71,757973
70,6225;75;71,655918
70,649;75;71,604891
70,6755;75;71,757973
70,702;75;72,319272
70,7285;75;71,911054
70,755;75;72,268245
70,7815;75;72,472354
70,808;75;72,574408
70,8345;75;72,268245
70,861;75;72,472354
70,8875;75;72,217218
70,914;75;72,625435
70,9405;75;72,574408
70,967;75;72,829544
70,9935;75;72,778517
71,02;75;73,288789
71,0465;75;73,08468
71,073;75;73,135708
71,0995;75;73,033653
71,126;75;73,033653
71,1525;75;73,033653
71,179;75;72,829544
71,2055;75;72,880572
71,232;75;72,523381
71,2585;75;72,625435
71,285;75;72,72749
71,3115;75;72,625435
71,338;75;72,268245
71,3645;75;72,880572
71,391;75;72,472354
71,4175;75;72,778517
71,444;75;72,319272
71,4705;75;72,574408
71,497;75;72,217218
71,5235;75;72,574408
71,55;75;72,217218
71,5765;75;72,523381
71,603;75;72,574408
71,6295;75;72,217218
71,656;75;72,625435
71,6825;75;72,574408
71,709;75;72,72749
71,7355;75;72,421327
71,762;75;72,676463
71,7885;75;72,625435
71,815;75;72,778517
71,8415;75;73,237762
71,868;75;72,982626
71,8945;75;73,135708
71,921;75;73,441871
71,9475;75;72,778517
71,974;75;73,186735
72,0005;75;72,829544
72,027;75;72,880572
72,0535;75;72,880572
72,08;75;72,72749
72,1065;75;72,370299
72,133;75;72,574408
72,1595;75;72,523381
72,186;75;72,319272
72,2125;75;72,574408
72,239;75;72,370299
72,2655;75;72,574408
72,292;75;72,16619
72,3185;75;72,421327
72,345;75;72,319272
72,3715;75;72,574408
72,398;75;72,16619
72,4245;75;72,625435
72,451;75;72,217218
72,4775;75;73,08468
72,504;75;72,676463
72,5305;75;72,778517
72,557;75;72,829544
72,5835;75;72,982626
72,61;75;72,880572
72,6365;75;72,982626
72,663;75;72,880572
72,6895;75;72,217218
72,716;75;72,523381
72,7425;75;72,16619
72,769;75;72,268245
72,7955;75;71,911054
72,822;75;72,370299
72,8485;75;71,962082
72,875;75;72,16619
72,9015;75;72,16619
72,928;75;72,013109
72,9545;75;72,523381
72,981;75;72,064136
73,0075;75;71,860027
73,034;75;71,757973
73,0605;75;71,962082
73,087;75;71,706946
73,1135;75;72,064136
73,14;75;71,706946
73,1665;75;71,911054
73,193;75;71,553864
73,2195;75;71,962082
73,246;75;71,911054
73,2725;75;72,115163
73,299;75;71,962082
73,3255;75;72,16619
73,352;75;72,115163
73,3785;75;72,16619
73,405;75;72,268245
73,4315;75;72,064136
73,458;75;72,421327
73,4845;75;72,319272
73,511;75;72,523381
73,5375;75;72,370299
73,564;75;72,115163
73,5905;75;72,013109
73,617;75;71,809
73,6435;75;71,604891
73,67;75;72,064136
73,6965;75;72,115163
73,723;75;72,319272
73,7495;75;72,064136
73,776;75;72,523381
73,8025;75;72,115163
73,829;75;72,370299
73,8555;75;72,013109
73,882;75;72,115163
73,9085;75;71,706946
73,935;75;71,962082
73,9615;75;72,064136
73,988;75;72,064136
74,0145;75;72,370299
74,041;75;72,472354
74,0675;75;72,217218
74,094;75;72,574408
74,1205;75;72,217218
74,147;75;72,115163
74,1735;75;72,319272
74,2;75;72,319272
74,2265;75;72,064136
74,253;75;72,217218
74,2795;75;72,064136
74,306;75;71,911054
74,3325;75;72,319272
74,359;75;71,962082
74,3855;75;72,319272
74,412;75;72,370299
74,4385;75;72,574408
74,465;75;72,217218
74,4915;75;72,421327
74,518;75;72,421327
74,5445;75;72,319272
74,571;75;72,319272
74,5975;75;72,064136
74,624;75;72,421327
74,6505;75;72,676463
74,677;75;72,523381
74,7035;75;72,523381
74,73;75;73,135708
74,7565;75;72,472354
74,783;75;72,421327
74,8095;75;72,064136
74,836;75;72,064136
74,8625;75;71,553864
74,889;75;71,757973
74,9155;75;71,757973
74,942;75;71,757973
74,9685;75;72,115163
74,995;75;72,523381
75,0215;75;72,574408
75,048;75;72,778517
75,0745;75;73,135708
75,101;75;72,931599
75,1275;75;73,237762
75,154;75;73,08468
75,1805;75;72,72749
75,207;75;72,523381
75,2335;75;72,676463
75,26;75;72,064136
75,2865;75;71,962082
75,313;75;72,574408
75,3395;75;72,72749
75,366;75;72,574408
75,3925;75;72,982626
75,419;75;72,676463
75,4455;75;72,370299
75,472;75;72,268245
75,4985;75;71,553864
75,525;75;71,604891
75,5515;75;71,247701
75,578;75;71,400782
75,6045;75;71,094619
75,631;75;71,400782
75,6575;75;71,757973
75,684;75;71,349755
75,7105;75;71,962082
75,737;75;71,962082
75,7635;75;72,370299
75,79;75;72,778517
75,8165;75;72,778517
75,843;75;72,676463
75,8695;75;73,033653
75,896;75;72,829544
75,9225;75;73,135708
75,949;75;72,880572
75,9755;75;73,08468
76,002;75;72,778517
76,0285;75;72,625435
76,055;75;72,268245
76,0815;75;72,523381
76,108;75;72,421327
76,1345;75;72,574408
76,161;75;72,370299
76,1875;75;72,676463
76,214;75;72,574408
76,2405;75;72,574408
76,267;75;72,574408
76,2935;75;72,115163
76,32;75;72,217218
76,3465;75;72,013109
76,373;75;72,115163
76,3995;75;72,217218
76,426;75;72,523381
76,4525;75;72,268245
76,479;75;72,421327
76,5055;75;72,523381
76,532;75;72,880572
76,5585;75;72,676463
76,585;75;72,982626
76,6115;75;72,676463
76,638;75;72,931599
76,6645;75;72,421327
76,691;75;72,370299
76,7175;75;71,860027
76,744;75;71,962082
76,7705;75;71,349755
76,797;75;71,502837
76,8235;75;71,298728
76,85;75;71,757973
76,8765;75;71,553864
76,903;75;71,655918
76,9295;75;72,013109
76,956;75;72,217218
76,9825;75;72,931599
77,009;75;72,931599
77,0355;75;73,08468
77,062;75;73,135708
77,0885;75;73,237762
77,115;75;72,982626
77,1415;75;73,135708
77,168;75;72,778517
77,1945;75;72,982626
77,221;75;72,982626
77,2475;75;72,982626
77,274;75;72,72749
77,3005;75;72,982626
77,327;75;72,931599
77,3535;75;72,880572
77,38;75;73,08468
77,4065;75;72,829544
77,433;75;72,982626
77,4595;75;72,829544
77,486;75;73,186735
77,5125;75;72,72749
77,539;75;72,982626
77,5655;75;72,625435
77,592;75;72,880572
77,6185;75;72,829544
77,645;75;73,186735
77,6715;75;72,982626
77,698;75;72,982626
77,7245;75;72,574408
77,751;75;72,370299
77,7775;75;72,523381
77,804;75;72,319272
77,8305;75;72,319272
77,857;75;72,013109
77,8835;75;72,421327
77,91;75;72,16619
77,9365;75;72,931599
77,963;75;72,72749
77,9895;75;73,237762
78,016;75;72,880572
78,0425;75;73,033653
78,069;75;72,778517
78,0955;75;72,829544
78,122;75;72,72749
78,1485;75;72,982626
78,175;75;72,523381
78,2015;75;72,982626
78,228;75;72,72749
78,2545;75;72,829544
78,281;75;72,72749
78,3075;75;72,931599
78,334;75;72,421327
78,3605;75;72,574408
78,387;75;72,217218
78,4135;75;72,370299
78,44;75;72,574408
78,4665;75;72,472354
78,493;75;73,033653
78,5195;75;72,72749
78,546;75;72,931599
78,5725;75;72,421327
78,599;75;72,982626
78,6255;75;72,72749
78,652;75;72,676463
78,6785;75;72,421327
78,705;75;72,421327
78,7315;75;71,706946
78,758;75;72,013109
78,7845;75;71,655918
78,811;75;71,757973
78,8375;75;72,064136
78,864;75;72,523381
78,8905;75;72,523381
78,917;75;73,135708
78,9435;75;72,880572
78,97;75;72,778517
78,9965;75;73,186735
79,023;75;72,778517
79,0495;75;73,135708
79,076;75;72,523381
79,1025;75;72,982626
79,129;75;72,625435
79,1555;75;72,574408
79,182;75;72,268245
